Title,Text,Rating,Trip Date
Understanding and Caring Staff,Booked this hotel for our stay in North Goa and we never regretted. Staff at from desk is warm and courteous and is accomodating. We requested an early check in around 12 and the same was offered. The room size is decent and the washroom are spacious. Housekeeping person was very pro at his work and followed up on his own to clean the room. The food from room service was also tasty and the order used to take only 15 minutes. This hotel focusses a lot on guest satisfaction and thats the best thing which would make me recommend it to others,5,March 2021
Very Good,"The hotel has an impressive set up - swimming pool area, large breakfast and dining area, games room, spa facilities, etc. The only drawback would be its location, especially during the busy period. A cab is required to go to Calangute or Baga beach, which is difficult during the festive season.",4,December 2019
Vacation in Goa,"Nice, comfy, clean, and convenient place near Calangute beach.We stayed here for 5 days and it was an unforgettable experience. Everything was so perfect - comfy beds, clean washroom &amp; room,complimentary breakfast, and properly sanitized property.Azzure by Spree is one of the amazing properties for hassle free stay in North Goa. ‚òëÔ∏èSpacious and luxurious rooms with 24*7 room service.‚òëÔ∏èprovide pickup and drop facility to airport at nominal charges‚òëÔ∏èAmple of scooty parking area‚òëÔ∏èProper safety measures were taken‚òëÔ∏èPool is available,but due to COVID guidelines they didn't allow anyoneto enter the swimming pool‚òëÔ∏èRoom balconies to enjoy your morning and evening drinksLastly,their staff is friendly and cooperative. Thanks for the amazing service.Overall, I loved staying here and will definitely like to stay here in the future.",4,December 2020
Perfect!,"The service was awesome! The staff guided me with the best places to do water sports. The reception was nice. However, the location is a bit tacky cause it is far away from any of the beaches which makes renting a bike necessary. Overall, a good hotel.",5,February 2020
Very clean and supporting staff,Breakfast osm also give  early check in and very near to calungut beach and center to area hotel supporting staff and timely cleaning service. Best for couple and family..very large room and nice facilities,5,December 2021
Value for money and beautiful property and best staff,"We have stayed here for the second time for 4n ,the room was are super clean, the staff is very courteous and friendly and will always greet you with a smile and available 24/7. The food is priced well and so is the quality. The staff took extra efforts to cook safe and hygenic food for our 1.5 yrs old toddler. Overall Mr Prithiviraj and his are by the best at hospitality. We had a lovely experience at zone connect calangute and thoroughly enjoyed all the amenities at the hotel.",5,August 2022
Traveller,"The location is easily accessible, the staffs are very polite and to be my bad day I was locked up myself in the balcony and the staff coordinated with me through balcony immediately they arranged the Technical Person @ 10pm night. The food was really awesome especially we can get South Indian foods like Idly, vada, Rava upma and semiya Upma. Early checkin and checkout is available according to the booking if you request them.  The Calangute Beach, Aquada Fort, Baga beach is very near to the hotel  within 5km radius.",5,August 2022
Zone connect stay,"A perfect stay with great hospitality combined with superb food.Maria was extremely helpful throught out, Harsh from housekeeping was supportive in getting all the things we required. Pool was an absolute delight to be in with clear n clorine free water.",5,August 2022
We had a blast all thanks to this lovely staff!,"We checked in during late November and stayed here until the early days of December and it was one of the most comfortable stays ever! The breakfast was amazing, everyday and the room service was always very nice. The staff at the reception desk is very warm and the ones working over at their caf√© are the best! Even the drivers associated with them are great, in case you do not want to rent a two-wheeler. Albeit a bit costly, but the transportation was very comfortable. A few names I remember are- Mr. Nitin and Ms. Maria at the front, Mr. Bapi in the caf√© (y'all have to try the drinks he prepares, especially 'Green eye') and Mr. Arup, for whom I am incredibly thankful as he helped me a lot with my booking. Thank you much Zone connect, we'd surely recommend you guys wherever we go and we will definitely come stay with you again, whenever we come back!",5,November 2021
Ecxellent service by treat restaurant .,We had great service by azzure goa.Food was awesome.Service was excellent.Hotel was very clean.Lobby was good.Wifi speed was very nice we really enjoyed with wifi speed.Spicial  thanks to Mr.palash and Mr bapi from Treat.Thanks Mr.Rahul for gave wifi..We will come soom.Thanks for all the aervice,5,March 2020
Amazing Hospitality,"Stayed at Azzure by Spree, North Goa for 04 nights from 26th Aug till 30th Aug 2019. It was an unforgettable experience as everything was perfect and exceeded our expectations.I feel, it‚Äôs one of the best and excellent property for hassle free stay in North Goa with excellent, luxurious and spacious rooms with 24*7 Room Service. Pick up &amp; drop facility also available with nominal charges.As a lady guests, they ensured our safety and offered us room upgrade to higher category. Everyone from entering till departure gave special attention on the requests &amp; made us feel more special.I would like to extend my special thanks to Ms. Baneshia (Front Office Manager) to accept our late checkout request &amp; her bunch of amazing, talented and cheerful team members including Housekeeping &amp; FnB members, who made each and everything possible to make our stay memorable from every aspect. I genuinely feel, their Hospitality brings a BIG Smile on the face of each &amp; every guest.Overall, I am extremely satisfied and happy with my choice of stay with ‚ÄúAzzure by Spree, North Goa‚Äù. Its highly recommend property to all those who are planning for a break and want to forget all worries and enjoy every bits and pieces.Will surely plan soon and come back for a longer duration to experience more.Keep Glowing Guys :) Wish you all the Luck &amp; success!Cheers",5,September 2019
Half good half horrible,"Stayed for 4 nights in room 405 &amp; 410 from 5-9th Jan 2020. First two days were pleasant stay, second two were horrible. Everyday got woken up to drilling sounds in the morning. Restaurant and service staff is good but senior management is hopeless. Horrible mell of sewage treatment plant in the block with room numbers 4xx, realised on 3rd day that it was because there is a sewage plant right adjacent to our rooms.Improper lighting in room, only two table lamps. Sunlight is available in ample but it gets hot with curtains off. Too many power cuts keeps there aircons roaring every time the electricity is back. Breakfast and room service is good. Club/indoor games room is under staffed and basic things like red bull are out of stock. Swimming pool is fine till there is scorching sunlight on top.Parking is available in ample, guards are awake and active 24x7.",2,January 2020
Superb stay,"We stayed at the Zone Connect Calangute for 6 days and were absolutely &amp; extremely happy with this gem of a hotel &amp; its courteous staff. Right from the reception to the rooms, everything is CLEAN and well kept. The property is definitely by far the best you can offer in a prime location yet tucked away in a small quiet by lane of Calangute. Their restaurant offers decent food as well. All in all an we had a fabulous stay and we cant wait to get back for our next family vacation. Value for money 10/10Room 10/10Property 10/10 (i feel when most of the times we as tourists are shuffling around Goa it makes perfect sense to go for this place compared to other options which have unnecessary perks like gym etc and then charge a premium)Restaurant 9/10 A special thanks to Divya, Jay, Maria, Hom, Arvind &amp; Harshwardhan along with the rest of their team to make sure that we had an AMAZING stay at Zone Connect Calangute.They say first impression is a last impression &amp; this made a perfect example :)Cant wait for our next stay with Zone Connect Calangute.",5,September 2023
Not open for Constructive Feedback,"Very bad behaviour and attitude of reception staff deputed.The staff was utterly confused regarding baby food and  and reception staff was not willing to take the feedback.They were not interested in taking feedback in a positive way , had multiple perceptions regarding baby food availability and charges .Please ask from them well in advance as they have not Put a notice at the reception that baby food is chargeable ,we have no issues paying for baby food and milk ,but the staff was not on the same page and some were saying it's free some have got the bills signed by us for baby food . Please be very clear with them when you are communicating as at the time of check out they will ask you to mention the name of the person who told you it's free .Have a sharp memory before you stay here .",1,March 2023
5 star service,"Tej and his crew provide us with the most amazing food and snacks we ate in the  whole goa trip . The food was mouth watering . Highly recommend the grilled chicken sandwich , white sauce pasta  , the meals here are value for money",5,November 2021
Comforting & Relaxed Stay at Zone Connect,"Staff is very courteous and greet you every point you meet them and best part is they all are eager to help you with everything whatever you request them. Food was amazing and we relished every bite of it. Ms. Mariya, the receptionist always try helping you with all the information about Goa and shared contact details of taxi/ cab services available nearby. Overall we experienced a pleasant stay at Zone Connect. Rooms were big and there rooms for kids also attached to your room with a partition wall. So, good option for families to stay here.Pool part was additional fun point where you &amp; kids can enjoy swimming. I had a wonderful experience at Zone Connect‚Ä¶",5,July 2022
Good Property for a Pleasant stay,"Azzure hotel is located on just 1.50 km from Calangute beach and easily accessible from main roads. Good property for a pleasant stay with your family and friends.Good spacious rooms, Breakfast was excellent.They have clean swimming pools. Staff are very friendly.Things I didn't like  or need improvement are:1) Slow check-in process 2) Night Security guys were very adamant and rude 3) There are local taxi goons outside the hotel and they will not let you take any outside taxi. You will have to book a taxi thru them.",4,December 2019
Highly recommend this hotelüëç,"The resort is in prime location, easily accessible rent a car &amp; bike next to the resort, restaurant has good menu also the restaurant staff are always meeting &amp; greeting with a smile üòä, bar has enough options specially Mocktails &amp; cocktails. Meghali was attentive during breakfast, front office staff is also polite &amp; smiling. All and all it was a good &amp; comfortable stay. Will visit again with family",5,February 2023
Pleasant and Peaceful ,"The hotel is extremely clean and well maintained. You‚Äôre sure to love the ambience, food and facilities. The location of the hotel is very much within proximity to prime locations and spots. The staff is extremely courteous and cooperative. The rooms are big and spacious to meet your every cardinal need. Whether with family, friends or loved ones, this property will suit everyone.",5,October 2020
Awesome stay at Zone connect .,Amazing stay at zone connect‚Ä¶ nice clean rooms and great service. Room interiors were nicely done and cool white finished walls .. Comfy soft furnishing done in rooms and in all public areas.Breakfast buffet was nice‚Ä¶ Food was great üëçüëçLoved the overall stay.. must visit for all.Friendly and caring staff,5,February 2022
Wonderful Stay!,"Our family of 4 spent 2 memorable days at Zone Connect in September 2022. We enjoyed the hospitality there! We were given a good accomodation with all facilities. Mr.Prithvi, the manager was very considerate of our needs and provided us with twin sharing tidy and well kept rooms.The In-house restaurant commands the tourists' appreciation with Tej,Dev, Akhil and Karthik playing wonderful hosts. We hope to visit again. Thank you for everything!",4,September 2022
Holiday home,The hotel is just awesome and pleasant. Outdoor garden view is very good with swimming pool. The room cleaning was very neat and clean done by Mr. J D. The food was very good tasty especially the breakfast different varieties served by Mr. Dev. The reception staff is very polite Maria was very helpful on front office. The whole staff is very polite and we'll mannered.,5,May 2022
Great üëç  stay,"The pillows are fluffiest I ever felt.The purple flowers on the wall falling on your rental vehicles were equally a welcoming message.  Pools were clean, parking wad well managed, rooms were well arranged. The dedicated staff, timely services and everything went so well with the Zone.",5,February 2024
Great if you are travelling with family,"Great staff, good rooms. Location is decent not too close to the beaches but that means you get a little peace and quiet, ample parking. They even have electrical charging for 4 wheelers of required. Pool is clean",5,December 2023
Wonderful stay,"Ultimate stayLocation is Ultimate coz u can reach any famous restaurants like pizza hut, domino's, Karim, anand sagar. All are very close to this hotel .Even the restaurant of this hotel serves very delicious  food.All famous beaches like calangute, Candolim n baga are easily  reachable . All have hardly 10 minutes drive . Closest  beach has only 15 mins walk.Room are so neat n clean, bathroom properly maintain. The behavior of the staff is like family  members.  They are so gentle and well mannered. These all things make stay THE ULTIMATE ONE.",5,March 2023
Excellent Family Resort,"Hospitality at its best, staff is amazing, cleanliness is best, pool is good. All together best place to stay with family.Maria has been very Co- operative and helpful, Bapi at restaurant is very supportive and makes you feel like home.",5,November 2021
zone connect,"the rooms , the service and the hospitality was spot on. one of the best in north goa without a doubt. the location was spot on to reach the highway as well as go to the 3 neighbouring beaches og calangute , candolim and baga. would highly recommend as its fresh, vibrant and cheery. cheers.",5,July 2022
"Amazing Boutique Stay For Couple, Mini Santorini ","We have stayed in hotel for 2 nights and we had wonderful experience, The rooms were neat and clean. Room Service is also on the clock, you don't need to ring twice, The cafe food is also great, they even offer candle light dinner on request. Great places to stay in Goa and have Boutique experience. THANK YOU",5,April 2022
Extremely bad stay,"This hotel is soo disturbing. Rooms are extremely small. Washrooms stink so much, everyday the housekeeping team knocks the door at 10am in the morning continuously. We were there for 6 days and complained about the housekeeping everyday but no change was made to it. Lot of noises coming from everywhere. No bells attached to rooms and they start beating up the doors early in the morning for checkout. Had the worst experience hereNot at all recommended to anyone who is here to stay and enjoy goa peacefully. Plus the receptionist is super rude and annoying!",1,December 2021
Over Friendly Staff and an amazing place to stay,Great Stay! I am Aditya Sodani from Kolkata and after a lot of research we decided to choose this property and now I think it is one of my best decision to stay. Best breakfast buffet I have ever came across along with beautiful rooms and washroom. Best location as it is very near to best beaches and near to Goa market in Calangute. We had a 7 day stay and staff were always on there toes to help us and even for lunch and dinner it is good option if you are not willing to step out. Maria and Nitin were too friendly and they made us felt so homely.,5,March 2022
Wedding anniversary,"I and my husband had stayed at the hotel for 3 nights and it was amazing. Right from the arrangement of all accommodation till the food all was super good.Infact on our anniversary day we had asked them to arrange for candle light dinner and room decoration Mr bapi who has done all these arrangements was outstanding   everything was just so perfect. Hands of to him. He deserves huge rounds of applauds. The hotel food is just finger licking, yummy   tasty and  their highly professional service towards customer has just left foot prints in our heart. Didn't wanted to go back from there , felt sad. Definitely whenever we visit goa its always going to be azure by spree for our accommodation. Thank you team so much.",5,November 2020
Average Stay compared to the high price,"More than 3kms away from calangute and candolim beach. We took a premium room but the rooms are extremely small only 257 sq ft compared to the high price they charged, also not well maintained. Water leakage from AC. Food is good.",3,August 2023
Review on entire trip,"Our honeymoon trip starts on 15 April , i literally enjoyed every bit of everyday . We had trip of 3 nights 4 days . Hospitality of hotel is on top , from breakfast to dinner food was delicious. Lets come to staff behaviour , they all were very helpful ‚ù§Ô∏è specially meghali she was so helping throughout our stay i loved every single day and vibe of hotel . On 17 april we were hving our anniversary i told them to decorat our room and arrange candle light dinner  so they decorated our room unexpectedly beautiful and our candle light dinner was setup by Mr Harsh .i must say he done his best job so so so beautifully . Thank you for having us zone connect , i will miss every day of this beautifull journey ‚ù§Ô∏èüßø",5,April 2023
Zone  connect,"Excellent service, cooperative staff n a good food experience also""Yummy breakfast lunch and dinner üòå I recommend this to people.... Comfy place for getaway located bit inside but that's ok""Best üëçüëçüëçüëç",5,February 2022
A Nice and Pleasent Stay,The Hotel as such is located in a great place that is near Calangute Beach. My stay was comfortable with a balcony and the bathrooms may need some improvement in astatic... Overall I would recommend this place for Both Business and Family Occasions.,5,February 2024
My experience is very awesome and we feel comfortable on this hotel,The hotel is good and well cleaned . All staff members are cooperative as well as the food is very delicious . My all experience in this zone connect hotel is excellent . Last but not least please the hotel room will be more renovate according to 4star hotel,5,April 2023
A well equipped hotel with a delightful decor and excellent service,"I am happy I picked Zone Connect, Calangute as my place of stay for my first ever visit to Goa with my daughter recently. From the moment I stepped in I was impressed by the hospitality, the ambiance, the yummy Goan specialities and the warmth of the staff. The room, designed in Greek style was spacious, delightfully different,  cosy and well equipped. This property located in a prime location had all amenities like spa, gym, pool etc along with ample opportunity for nature walks enjoying the view of greenery and the mountains afar. I look forward to staying there again for my next Goa visit. A special shout to Mr Jai, GM Mr. Prithvi &amp; chef for their special care and excellent hospitality.",5,July 2023
Best hotel in Calangute,"Firstly, we would like to thank each staff of the Zone Connect who made our stay comfortable and memorable with lovely smiles on the face and wishes all the time. We stayed at the hotel for 5 days and it was great experience. Rooms were neat and spacious. We liked the hotel open area most which is scenic and perfect for nice shots. Would like to thank again to Zone Connect and its members Nithin, Maria (Front office exec), Deepak (Housekeeping) and Special thanks to Suraj (Swimming guard) who returned my wife's ring w/o any question which left in the swimming pool mistakenly. Would love to visit Zone Connect again.",5,October 2023
Great place to stay in North goa,"Excellent budget hotel to stay in Calangute. The rooms are very well maintained and overall the property is very very clean. Good breakfast. Great ambience specially in the evening. Helpful and responsive staff. Helped us arranging all pick ups, drop offs and even the can on rent. Pool is good. Perfect location close to lot of key places in Calangute. Not too close to the beach, approx 15 mins by foot, which is ok as the beaches in north are too crowded and noisy.",5,December 2022
Family vacation in December 2023,The experience was really very good. A nice place to stay near the main attractions yet far from the street noise. I would recommend for family with kids as they will enjoy the pool with the property which is maintained daily.Cons would be less parking and a bit conjusted parking space,5,December 2023
"Good stay, Happy stay","Had an amazing stay for 3 nights. All the staff is co operative. Food is good although the breakfast spread is small.Checkin &amp; checkout was smooth.  Ria at the reception was very helpful. Swimming pool is open, spa, bar and snooker room is closed.Some renovations are being under so be ready to hear some noise.",5,January 2022
Stayed at Zoneconnect Calangute for about 3 days with my fam.,"Their service was amenable and i would highly appreciate their concern , attitude and care towards the residents of the hotel. Bapi's service for the meals was also great!The next time I travel to goa... i would want to stay in Zoneconnect without a blinküòÅ",5,November 2021
Stay @Zone Connect Calagunte,"We had an amazing stay for 4 days at zone connect . Love the blue n white theme here . Rooms were large and very hygeinic .The staff here is quite polite and helpful . Love their hospitality.The food served at the restaurant was awesome ( do try the Goan fish curries which they make and the Goan prawn dishes which they offer , it tastes amazing ) . The breakfast buffet was also quite good.The resturant manager Baapi is an amazing guy (very helpful , polite and easy to reach out ) and all the dishes he suggested were very good . 5 star to him . Pros - Hospitality , Food , Rooms , Cleanliness , LocationCons : There was construction still going on so we couldn't enjoy the pool side and view from balcony wasnt that impressive.Overall - A very pleasant experience , 4.5/5",4,March 2022
Nice stay,Staff is very nice and makes you feel comfortable even while travelling with a toddler.Baby food was available all the time and the cleaning staff was also good.Overall a nice and pleasant stay. Must visit!!,5,April 2023
Pros and Cons,"Had stayed here in zone connect calangute for 5N,sharing pros and cons.Rental 5200 per night including complementary breakfast and separate bed for kidCons:No gymnasium and spa as claimed, under maintenance No separate pool for kidsPool size SmallNo news PaperNo exhaust fan in bathroom As claimed as 4 star hotel by them on google, I do not find it as even 3 star based on the amenities .Pros:Excellent Food quality and quantity Rates are economical for all food/beverage itemsSupport staff very goodRoom service and others also very goodSummary: Considering 5200/- per night it is on higher side based on facilities not providedWorth 4 star: in terms of service, support staff, foodBelow 3 star: in terms of amenities.Happy stay folks!",3,April 2022
Zone connect stay,"Ambience is very good. Staff is most supportive. Variety of food available, room service is very good having a bar option available Overall five rating out of five.Special thanks to zone connect team",5,January 2023
Polite Service And Good Food,"Facilities Such As Gym, Swimming Pool, Gym, And Many Other Games Are Available In This Hotel. Staff Here Are Very Good And Polite To The Customers. Rooms Are Cleaned On Day To Day Basis And Kept Full Hygenic. The Place Is Surely To Be Visited Again.",5,March 2020
Good Hotel with Good Location,"Me and my family (5 Members) stayed for 2 night, location was very good, accessible to Market. Staff is very cooperative and polite, breakfast was good and lots of variety.  Facilities Such As Gym, Swimming Pool, And Many Other Games Are Available In This Hotel.",4,December 2019
Great,"Great rooms, ambiance and humble staff. Breakfast and lunch is also very good. Another good thing is that it is very centrally placed to all locations. Very near to Calingute beach. All other services is also great.",5,April 2023
Nice stay,"Food is testy , I would lie to mention  they serve organic juice . Room also nice and clean.  They provide  higher quality services  . Nice and well managed  hotel . High quality hospitality.  Nice stay",5,April 2023
"Calm, Peaceful stay","It is a beautiful, cozy hotel well maintained, located at the center in north goa, everything is easily accessible. The staff is helpful and polite. The only area of improvement is food. The breakfast menu is repetitive and taste needs improvement. Other than that it was a wonderful experience.",5,October 2022
Pleasant and comfortable,Our stay was very comfortable . We wanted a pool view room which was provided based on availability. Staff  was very helpful and guided us properly regarding our local tours . They were always ready to help with a smile.As for food there was enough variety but taste wise it needs improvement.,5,January 2024
Very unprofessional,We spend 22000 for 2 days but they just didn't let go rs. 300 for mug which break small kid and also they take my mobile at check out time and write reviews for them self forcefully and ask that much time for review you will be irritated.. And forcefully write positive review and say let me show before submit what is that attitude with customers... They also write postive review before this review and i just modified now for let you peoples.. All going smoothly but at last they spoiled all good memories. Very unprofessional behavior.,1,June 2022
Awesome experience.,"Awesome hotel in goa we enjoyed very . We came with our group the give us nice hospitality , also food and embince is good , Specially front desk staff is very helpful and corporative. All the famous place is near by hotel .",5,April 2023
Simply Amazing !!!,"What a great stay in Azzure!Memorable !!!to start of they have a decent and quite neat pool to chill, and amazing open bar with a greenery view and indoor bar is too cool with snooker table and table tennis too,rooms are spacious , washrooms are neatest, food are delicious with a wide spread breakfast buffet. feel like working out they even have a small gym and a spa to relax.Very courteous staff to help u with in whatever needs. extra benefits if booked through the hotel site.u can spend a whole day chilling in the hotel !!Totally recommended.Best place for honeymoon.",5,December 2020
Zone connect  visit,"Food was delicious. Staff is really helpful. Front office staff Maria, Panda, Nitin and of course Aarup were really helpful about providing information like casino, dolphin show and all. Amenities provided were of good quality. We enjoyed our overall stay. Thanks to all hotel staff. Housekeping and in room dinning staff was also nice.",5,December 2021
Happy holidays,"Good comfortable and clean stay along with a good swimming pool,lack of variety in breakfast. Very good hospitality over-all.Easy access to most of the local beaches such as Calangute and Baga  and close to Panjim City",5,October 2022
"Good Location , Excellent Food, Good Hospitality","Location is perfect to visit Candolim, Baga and Calanguate and Anjuna Beach with vicinity of 10 KM max.Rooms are good.Staff is polite and helpful.Maria at reception helped us with few of bookings and made sure we had a pleasant stay!Loved Cheese chilly toast!!!",4,January 2022
Great Place near Calangute Goa,Maria Nitin Pani was good as assisting rooms and overall staff was helpful. Pleasant stay at Zone Connect. Great food and nice ambiance at the place pool location was quite ok compared to the room as it was dark with no lighting,5,November 2021
Loved the stay,"For our first anniversary, we loved the stay and the atmosphere of the hotel. The food was really amazing and hospitality of the staff was cherry on top, especially Nishant, Maria and Bapi made our stay amazing as they were always there to help us out and suggest us things that we needed to know. Swimming pool was like a best place to spend some quality time.",5,February 2021
Zone connect - Goa,"Initially I have no reviews for this hotel but when we talk about hotel amenities, staff, services etc are super duper fantabulous. I must recommend to everyone to must try this property. This is located near calangaute beach. Personally I like the staff and the services provided by them they are so polite, caring, supporting specially the restaurant. I just love the hotel.",5,November 2021
Zone in to here.,"Booked an executive suit for 8 days. The hotel location might not suit some as it was about a 7 - 10 minute walk into Calangute or 2 minutes in a Tuk Tuk for about 50 rupees, ( after a haggle). A Lovely room, well presented with great views of the pool and the farmland at the back of the hotel. Only downside was the size of the bathroom. This definitely needs upgrading. The bed was really comfortable, the air conditioning and fans were superb as it was very hot at times. The  stay itself was wonderful, the staff couldn`t do enough for you and the very impressive Maria on the front desk was a font of all knowledge.  The pool area was clean with pool towels on offer and lovely big comfortable sun beds. The restaurant food was very good and not over expensive. Overall a fabulous 8 day stay there. Thank you Maria and staff.",5,March 2024
"Trip to Goa , Hotel  Zone Connect calangute","Excellent hotel with excellent location located at the city centre calangute north Goa hotel zone connect, extremely clean and comfortable.Upon arrival we were warmly welcomed by the friendly reception staff Padma and gave us room number 107 which is hotel biggest suit room loved it, He makes our trip more interesting with his advice and tips about city, Rent Scotty from near by hotel,supermarket,shops are near by distance from hotel.I would also like to thanks staff Tejendra from restaurant he helps us to taste awesome fish recipes and meal .We were travel with our 17 month old baby we got  all support from hotel staff they all loved and play with my baby . We would definitely recommend this hotel to everybody it‚Äôs true example  so excellent hospitality . Thank you for making our trip rememberable",5,November 2021
Happy vacation,"Food was so excellent and hotel service is so good and nice , Well managed hotel specially front desk staff is very helpful and corporative . Room also neat and clean . Nice and peace ful stay . We like to mentioned Mrs Maria and hom from front desk they help us alot.",5,April 2023
Zone connect visit,Very good hospitality. Nice and cooperative Staff. Thank you so much for a memorable memories here. Esp the food that is been prepared in the hotel is very delicious . The cleanliness of hotel swimming pool is also great we like to thank s to Maria mam and nitin was helping at our stay,5,December 2021
Amazing stay,"Overall experience was good . food is also tasty . and staff behavior very good , very friendly .  If you any problem with room or any they can solve immediate or give alternate option . Thanku zone connect hotel.",5,March 2022
Great,The property is pretty. It is clean and the service is good. Breakfast was elaborate and a variety was given. The food was yummy. It is great to sit by the pool and have a beer or drink. Calangute beach is 1.5 km from the hotel. Access to renting a scooty is right outside the hotel.,5,February 2024
Clean and peacfull,The staff was very welcoming and the whole vibe of the hotel is very good and peaceful we have a very good stay and the breakfast provided Was also very tasty. Maria and Nitin were very helpful as the reception.thank you zone connect,5,November 2022
Great stay,"Rooms are very nice , and nice stay for family and couples , staff was very supportive , and cafe was also cool üÜí The property is pretty. It is clean and the service is good. Breakfast was elaborate and a variety was given. The food was yummy. It is great to sit by the pool and have a beer or drink. Calangute beach is 1.5 km from the hotel. Access to renting a scooty is right outside the hotel.",5,April 2024
Old Property And Small Property,Very Good Food Good Staff And Service...But Hotel Is Very Small Only Swiming Pool Available Property Is Very Old...They Are Telling 4 Star Property But It's 2/3 Star..As Per Price 6000 Rs Not Worth.. In This Price You Can Get Many Options...Beach 2/3km Far From Hotel,3,August 2021
Santorini themed resort in Goa,"It's a beautiful Santorini themed resort with white buildings and bright blue doors everywhere. The cafeteria is really good. The food and service is just impeccable. The property has a well-maintained swimming pool and open spaces for gatherings. It's just 20 mins walk away from the Calangute beach. They have good WiFi, very good and clean rooms, quick access to rented bikes, and they provide a brilliant service. I would definitely stay here the next time I'm in Goa.",5,October 2021
Great stay,"It was a great stay, outstanding location with a beautiful hill view. Staff was really helpful and nice, we had dinner and breakfast which was delicious, waiters and managers were very sweet. Overall it was great experience. I would recommend coming here again if I visit Goa.",5,July 2024
Zone connect Calangute stay,"Decent place to be in, no complain during my entire stay, room was properly cleaned everyday and main which make your stay in plsecent experience is staff very polite, and helpful, they have all the contact which need in Goa Right from rent bike to casino. Very well connected by road, name of the place itself say connect and they really mean that.  Definitely recommend.",4,May 2022
Great stay with staff,"The food was amazing ü§§ They Cook according to your taste also it was like just eat and eat and eat Swimming are is net and clean Location of the hotel is quite good , all things are acceptable easily I forgot my keys in the Activa ,they even noticed and secured the vehicle own their own , thank you the management",5,August 2024
Comfortable stay at Calungute,"I really enjoyed my stay at the zone connect hotel, the staff was very courteous, rooms were clean and tidy. Good breakfast buffet option as well. Bikes can be rented directly from the hotel. Great deal",5,May 2022
Wonderful Stay,It's a Wonderful Resort in North goa. We enjoyed our vacation there. All staffs are polite. Specially front office staff are very help ful. They arranged my sight seeing at cheapest cost also provide me eraly morning drop at reasonable cost...... Thanks to enter zone connect Team. We will visit again. Thank you.,5,December 2022
"Pleasant stay, north goa",Had a pleasant stay at this hotel. Very near to famous beaches in north goa and market‚Ä¶.co-operative staff who took care of our request very well. Special mention to restaurant staff‚Ä¶more variety of items would definitely be suggested..food available in b‚Äôfast was pretty decent..suggested hote for family and friends,5,February 2024
Nice stay,The rooms were big and spacious. The staff was very helpful and sweet. The front desk people were very prompt in helping with anything. Restaurant was good. Breakfast menu had good options. Overall a perfect stay üòäüëç,5,February 2022
Great place to stay,"Zone connect is a really nice hotel very clean and rooms are good with comfortable bedding and beautiful bathrooms. The hotel staff was really accommodating. Cafe C the restaurant is nice and quiet, I had an upset stomach and they prepared food as per my appetite. Food and breakfast at the restaurant is also on point. Me and my family loved our stay here.",5,April 2022
Nice hotel,Had a lovely stay for 6 days. A really nice place to stay near Calangute beach. Courteous and polite staff. Breakfast was good but got repetitive after a while as the menu was almost the same for each day. Will definitely recommend this property to anyone who is thinking of staying near Calangute beach.,5,April 2023
Visit to zone contact,"The Mediterranean architecture is superb. Feels relax and good. Food is awesome. Staff is very supportive especially Maria at front desk who handled booking very well. Nitin, Abhi were taking care of all things. Tej from restuarants was quick to handle food realated arrengement.  Location is close to Calengute so everything is nearby with peace. Enjoyed stay, highly recommended.",5,April 2022
Nice hotel..,It was a nice stay in hotel zone connect nice breakfast clean swimming pool. Clean Room . But two suggestions we have one is keep bucket in bathroom to avoid wastege of water and keep a thin pillow to more comfortable....Apart from that every thing was fine.....,5,January 2024
THE BEST GOA EXPERIENCE,"It is the best ever hotel I have stayed with , I have even stayed in few 5 star hotels , but this hotel provided me the best in class experience and made my stay a memorable one .There staff , the food , the service is seriously the best in class.MUST TRY",5,January 2021
Big hospitality win!,"The property is neat, clean, and looks so pretty (Santorini vibes!). The rooms are well maintained with comfortable beds and a decent balcony. Bathrooms are clean and spacious. The staff is very polite and courteous, and make you feel like royalty. They are extremely quick on their feet for all your requests. Shout out to Maria, Megha, and their entire team for making our stay extremely comfortable. 10/10 would come back again!",5,April 2023
Great stay,We had a wonderful stay in zone connect calangute. The staff is courteous and the food is delicious. Would definitely recommend the hotel. Pool is clean and the pool staff is really friendly. Breakfast also has many options and they will do everything to make your stay really comfortable.,5,February 2024
Happy stay,"Frankly speaking I will give a 5 star rating to this place which gives best services to it's clients. Also, there is a common saying that the first point of contact holds a big reputation for it's organization. For me it's Ms. Maria who works with extreme dedication in order to provide best possible services to her clients. I came here in Goa to enjoy honeymoon with my wife and literally speaking I am really very happy and delighted with the best services that we as a couple enjoyed here. Wishing this place and it's staff all the best for all future endeavours!! Cheers guys!!‚ò∫Ô∏è‚ò∫Ô∏èüòáüòá‚≠ê‚≠ê‚≠ê‚≠ê‚≠êüí´üí´üí´üí´üí´",5,December 2023
Excellent & Awesome Experience,"It was absolutely excellent experience staying in this hotel. Right from check in to check out excellent service and the food was Awesome. Highly recommended for couples and family. Calangute beach is just 10 minutes away through shortcuts.Special thanks to Ms Maria-front desk for excellent check in experience (early check in), Mr Nishant and Last Mr Bappi who takes care of dining area, excellent service from him alsoThanks everyone for an wonderful experience at the hotel.",5,October 2021
Amazing stay and very beautiful hotel. Location is very close to calungute beach. I will surely visit again with family and frie,Amazing stay and very beautiful hotel. Location is very close to calungute beach.All amenities are provided and stay is very comfortableStaff has been very attentive and kept up with all our requests and wishes. I will surely visit this amazing place again.,5,March 2023
Good experience ,"Overall, the hotel was good. Staff were so friendly and helpful. Rooms were clean, well organized and comfortable. Restaurant was nice with majority of the staff ( Food andBeverage Department):1. Kian2. Nandani3. Jyoti4. BashantAlso the laundry people were so nice and friendly. The front door guard were so friendly. I wish there will be some improvement in food variety, and easy sell services like coffee and tea to make fast and convenient.",5,July 2023
Awesome stay,We stayed for 6 days and the stay was awesome. Cafe food was too good. Breakfast had so many options. Must stay if you wish to stay nearby calangutte.Good vibe and well suited for family and friends.Room service was too good and hygine.Looking forward to visit again,5,June 2022
Great stay and happy to stay,"Best hotel and customer services ever experienced. Also food is so delicious, you can ask anything they will serve you well. Also the pool is well maintained and clean.If ever i got chance to visit Goa again we will choose this hotel for sure.",5,March 2024
Lovely stay üíï ,Food and hospitality is excellent.  Highly recomanded for family. Location is excellent as most of the north goa attractions are well in reach. You can pull the bikes right in front of hotels. Parking is available which is big relief specially during peak season,5,December 2023
Zone connect,"So we have checked in the hotel on 20th may to 24 th may it's was great experience we love the service and staff is very well behaved. The food was to delicious and whole serving the food they have kept check what we needed and what they can do better..The room service is top class ,rooms are clean and tidy... thanks for such hospitality...",5,May 2024
So-so,"The service was terrible. They show a lot of amenities on their site, but everything is either broken or closed. The only thing good was the food. Also FYI, the cafeteria is open from 8 am to 10:30 pm. No food will be served after that. If you order from outside, you'll have to go to the gate to pick it up. They won't let the delivery guy come in or won't bring the food to you.",2,October 2021
Good place to stay!,It was a great stay and was worth it. Staff is very friendly and quick in response that makes the stay very comfortable. Cafe food is very good as well. Very close proximity to everything in North Goa making it a good location to stay in.,5,September 2022
None as best hospitality,"There is no word to describe the way of hospitality we got served by the Zone Calangute Team. The entire staffs are well trained from security to chef. The reception staffs are so polite, breakfast has somany options from sprouts to Dosa.It was our first visit. Intresting thing is that they gave us a surprise gift at check out which created a momentos for us. Thank a lot.keep it up guys üëçüëçüëç",5,August 2023
Goa trip,Services are very nice. Rooms are clean and maintained. Foods are tasty. Nitin and Maria very helpful  at my stay. Hotel staff are excellent. Very nice hotel  nice view of the hotel every  thing  is close by  we really  enjoyed  this hotel and thanks  you for helping  us in what ever we need,5,November 2021
Amazing Property,"Amazing experience‚Ä¶ Felt like home... Most importantly, we were travelling with an infant and 2 kids of 2 years and they took amazing care of them.. Our children were happy and comfortable. Food was awesome. Very hygienic environment. Had a great time in the pool. Special thanks to Meghali and Dev..",5,April 2023
Zone connect,Hotel rooms are spacious with niche decor and staff too hospitable along with variety of breakfast spread.pool too is good to enjoyable and relaxing. Decor of reception is also good with warm welcome by each staff,5,December 2022
Nice stay,It was a great stay room was very clean and staff is too supportive.. breakfast with so many varieties happy to visit again. Not costly atmosphere was great enjoyed the behaviour of staff too cooperative and helping nature.,5,April 2022
